prompt_id,word_count,descriptor_words,num_visual_attributes,prompt,filename,vqascore
1,20,1,1,"A photorealistic close-up of a single glass of red wine filled completely to the brim, against a simple neutral background",wine_descriptive_0.png,0.8807734847068787
2,30,1,2,"A photorealistic close-up of a full-to-the-brim glass of red wine on a small wooden table, with deep red liquid touching the rim and soft warm lighting illuminating the clear glass",wine_descriptive_1.png,0.07586115598678589
3,38,1,3,"A photorealistic close-up of a single, full-to-the-brim glass of red wine on a small white table, the deep crimson liquid reaching exactly to the rim, with clear reflections on the transparent glass and a soft, neutral gray background",wine_descriptive_2.png,0.8519420027732849
4,13,2,1,"A full-to-the-brim glass of red wine on a simple table, softly lit, photorealistic",wine_descriptive_3.png,6.377696990966797e-06
5,16,2,2,"A full-to-the-brim glass of red wine on a small wooden table, photorealistic, sharp focus, natural lighting",wine_descriptive_4.png,0.22270452976226807
6,29,2,3,"A full-to-the-brim glass of red wine on a small wooden table, with deep ruby liquid touching the rim, in a bright modern kitchen, photorealistic, high resolution, soft natural lighting",wine_descriptive_5.png,0.777297854423523
7,17,3,1,"A full-to-the-brim glass of red wine on a simple table, softly lit in a cozy room, photorealistic",wine_descriptive_6.png,8.940696716308594e-07
8,36,3,2,"A full-to-the-brim glass of red wine on a small wooden table in a dimly lit, cozy bar, captured in a sharp, photorealistic style, with rich crimson liquid and clear reflective glass as the main visual focus.",wine_descriptive_7.png,0.0024734139442443848
9,23,3,3,"A full-to-the-brim glass of deep red wine on a small wooden table, in a softly lit cozy room, photorealistic, high detail, realistic shadows",wine_descriptive_8.png,4.947185516357422e-06
10,16,4,1,"A full-to-the-brim glass of red wine on a simple table, softly lit, highly detailed, photorealistic style",wine_descriptive_9.png,0.04742652177810669
11,29,4,2,"A full-to-the-brim glass of red wine on a small wooden table, in a softly lit cozy room, highly detailed and photorealistic, with rich deep-red liquid and clear reflective glass",wine_descriptive_10.png,0.00015860795974731445
12,24,4,3,"A full-to-the-brim glass of deep red wine on a small rustic wooden table, in a softly lit cozy room, photorealistic, high detail, realistic shadows",wine_descriptive_11.png,4.172325134277344e-07
13,18,1,1,"A photorealistic close-up of a full-to-the-brim glass of red wine on a plain table, studio lighting, sharp focus",wine_descriptive_12.png,5.906820297241211e-05
14,29,1,2,"A photorealistic close-up of a single, elegant wine glass filled completely to the brim with deep red wine, against a soft neutral background, with realistic reflections and subtle shadows.",wine_descriptive_13.png,0.0007100105285644531
15,33,1,3,"Photorealistic close-up of a single, perfectly full glass of red wine filled exactly to the brim, with deep ruby liquid, clear transparent glass, and a dark wooden table background, studio lighting, high resolution.",wine_descriptive_14.png,0.977016270160675
16,13,2,1,"A full-to-the-brim glass of red wine on a simple table, softly lit, photorealistic",wine_descriptive_15.png,0.0011702775955200195
17,20,2,2,"A full-to-the-brim glass of red wine on a small wooden table, photorealistic, close-up shot with sharp focus and soft lighting",wine_descriptive_16.png,3.55839729309082e-05
18,30,2,3,"A full-to-the-brim glass of deep red wine on a small wooden table, with rich color and subtle reflections, photorealistic style, soft natural lighting, shallow depth of field, background softly blurred",wine_descriptive_17.png,2.4437904357910156e-06
19,25,3,1,"A photorealistic close-up of a single elegant wine glass filled completely to the brim with deep red wine, on a simple table in soft lighting",wine_descriptive_18.png,0.022979557514190674
20,32,3,2,"A full-to-the-brim glass of red wine on a small wooden table, captured in a softly lit, photorealistic style, with rich crimson liquid and a clear, reflective glass against a dark, blurred background",wine_descriptive_19.png,1.6748905181884766e-05
21,23,3,3,"A full-to-the-brim glass of deep red wine on a small wooden table, in a softly lit cozy room, photorealistic, high detail, realistic lighting",wine_descriptive_20.png,1.2516975402832031e-06
22,26,4,1,"A single full-to-the-brim glass of red wine on a simple table, softly lit in a quiet, intimate setting, captured in a sharp, highly detailed photorealistic style",wine_descriptive_21.png,9.638071060180664e-05
23,32,4,2,"A full-to-the-brim glass of deep red wine on a small wooden table, captured in a sharp, softly lit photorealistic style, with rich reflections on the clear glass and a subtle blurred background",wine_descriptive_22.png,2.1755695343017578e-05
24,27,4,3,"A full-to-the-brim glass of deep red wine on a small rustic wooden table, in a softly lit cozy restaurant interior, highly detailed and sharply focused, photorealistic style",wine_descriptive_23.png,1.3172626495361328e-05
25,18,1,1,"A photorealistic close-up of a full-to-the-brim glass of red wine on a plain table, studio lighting, sharp focus",wine_descriptive_24.png,0.0015032291412353516
26,30,1,2,"A photorealistic close-up of a single, elegant wine glass filled completely to the brim with deep red wine, the smooth glass surface reflecting soft light against a dark, neutral background",wine_descriptive_25.png,0.0004309415817260742
27,49,1,3,"A photorealistic close-up of a single glass of red wine filled completely to the brim, deep ruby liquid touching the rim with a thin meniscus, on a small white table against a soft gray background, studio lighting highlighting reflections on the clear glass and the surface of the wine.",wine_descriptive_26.png,0.9626596570014954
28,13,2,1,"A full-to-the-brim glass of red wine on a simple table, softly lit, photorealistic",wine_descriptive_27.png,0.006696045398712158
29,16,2,2,"A full-to-the-brim glass of red wine on a small wooden table, photorealistic, soft lighting, high detail",wine_descriptive_28.png,0.7772976160049438
30,29,2,3,"A full-to-the-brim glass of red wine on a small wooden table, vivid deep-red liquid touching the rim, clear thin-stemmed glass sparkling under soft warm light, photorealistic high-resolution close-up shot",wine_descriptive_29.png,0.6224494576454163
31,21,3,1,"Photorealistic close-up of a single glass of red wine filled completely to the brim, on a simple table in soft lighting",wine_descriptive_30.png,0.9046468138694763
32,30,3,2,"Photorealistic close-up of a small, elegant glass of deep red wine filled completely to the brim, perfectly still on a simple wooden table, soft natural lighting, shallow depth of field",wine_descriptive_31.png,0.9947789907455444
33,23,3,3,"A full-to-the-brim glass of deep red wine on a small wooden table, in a softly lit cozy room, photorealistic, high detail, realistic lighting",wine_descriptive_32.png,4.607439041137695e-05
34,17,4,1,"A full-to-the-brim glass of red wine on a simple table, captured in a sharp, moody, photorealistic style",wine_descriptive_33.png,0.0015016794204711914
35,27,4,2,"A full-to-the-brim glass of red wine on a small wooden table, captured in a sharp, softly lit photorealistic style, with rich crimson liquid and clear reflective glass",wine_descriptive_34.png,0.0009122490882873535
36,40,4,3,"A full-to-the-brim glass of red wine on a small rustic wooden table, captured in a highly detailed photorealistic style, with rich deep-red liquid, subtle amber highlights, and a clear reflective glass surface, softly lit in a cozy dim interior setting",wine_descriptive_35.png,4.6193599700927734e-05
37,11,1,1,"A full-to-the-brim glass of red wine on a plain table, photorealistic",wine_descriptive_36.png,0.01798725128173828
38,20,1,2,"A photorealistic close-up of a full-to-the-brim glass of red wine on a small white table, with a soft blurred background",wine_descriptive_37.png,2.7835369110107422e-05
39,36,1,3,"A photorealistic close-up of a full-to-the-brim glass of red wine on a small white table, the deep crimson liquid touching the rim, with a shiny transparent glass surface and a soft warm background out of focus",wine_descriptive_38.png,0.6791772842407227
40,13,2,1,"A full-to-the-brim glass of red wine on a simple table, softly lit, photorealistic",wine_descriptive_39.png,0.00015920400619506836
41,23,2,2,"A full-to-the-brim glass of deep red wine on a small table, photorealistic, with clear reflections on the smooth glass and a dark background",wine_descriptive_40.png,0.2689436674118042
42,25,2,3,"A full-to-the-brim glass of red wine on a small wooden table, photorealistic, vivid, with deep crimson liquid, clear reflective glass, and a dark brown tabletop",wine_descriptive_41.png,0.04742676019668579
43,21,3,1,"Photorealistic close-up of a single glass of red wine filled completely to the brim, on a simple table in soft lighting",wine_descriptive_42.png,0.9975255131721497
44,19,3,2,"A full-to-the-brim glass of deep red wine on a small wooden table, softly lit in a cozy room, photorealistic",wine_descriptive_43.png,6.556510925292969e-07
45,31,3,3,"A full-to-the-brim glass of red wine on a small wooden table, in a dimly lit cozy bar, with deep ruby liquid touching the rim, photorealistic style, high detail, soft warm lighting",wine_descriptive_44.png,0.09535074234008789
46,19,4,1,"A single full-to-the-brim glass of red wine on a simple table, softly lit in a quiet, elegant, photorealistic scene",wine_descriptive_45.png,1.710653305053711e-05
47,28,4,2,"A full-to-the-brim glass of red wine on a small wooden table, captured in a sharp, photorealistic style, with rich, deep color and subtle reflections on the clear glass",wine_descriptive_46.png,0.022980570793151855
48,40,4,3,"A full-to-the-brim glass of deep red wine on a small rustic wooden table, captured in a highly detailed photorealistic style, with soft warm lighting reflecting off the smooth clear glass and rich crimson liquid, against a softly blurred neutral background",wine_descriptive_47.png,3.594160079956055e-05
49,20,1,1,"A photorealistic close-up of a full-to-the-brim glass of red wine on a plain table, studio lighting, shallow depth of field",wine_descriptive_48.png,0.0015017986297607422
50,20,1,2,"A photorealistic close-up of a full-to-the-brim glass of red wine on a small white table, with a soft blurred background",wine_descriptive_49.png,6.377696990966797e-06
51,31,1,3,"A photorealistic close-up of a single, elegant wine glass filled completely to the brim with deep red wine, tiny droplets clinging to the perfectly clear glass, against a soft, neutral background.",wine_descriptive_50.png,0.005221009254455566
52,13,2,1,"A full-to-the-brim glass of red wine on a simple table, softly lit, photorealistic",wine_descriptive_51.png,1.341104507446289e-05
53,16,2,2,"A full-to-the-brim glass of red wine on a small wooden table, photorealistic, sharp focus, natural lighting",wine_descriptive_52.png,8.165836334228516e-06
54,33,2,3,"A full-to-the-brim glass of red wine on a small wooden table, vivid, sharp, photorealistic, with deep ruby liquid, clear transparent glass, and a dark brown tabletop, softly lit against a neutral blurred background",wine_descriptive_53.png,5.84721565246582e-05
55,22,3,1,"Photorealistic close-up of a single glass of red wine filled completely to the brim, on a simple table with soft natural lighting",wine_descriptive_54.png,0.9933034777641296
56,32,3,2,"A full-to-the-brim glass of red wine on a small wooden table in a softly lit, cozy room, with rich, deep color and medium size emphasized, captured in a highly detailed, photorealistic style",wine_descriptive_55.png,1.329183578491211e-05
57,22,3,3,"A full-to-the-brim glass of red wine on a small wooden table, in a bright cozy kitchen, photorealistic, high detail, soft natural lighting",wine_descriptive_56.png,6.377696990966797e-06
58,20,4,1,"A single full-to-the-brim glass of red wine on a simple table, softly lit, highly detailed, photorealistic, with a neutral background",wine_descriptive_57.png,2.4437904357910156e-06
59,30,4,2,"A full-to-the-brim glass of red wine on a small wooden table, captured in a sharp, softly lit, photorealistic style, with deep crimson liquid and clear reflective glass prominently in focus",wine_descriptive_58.png,5.84721565246582e-05
60,40,4,3,"A full-to-the-brim glass of deep red wine on a small rustic wooden table, captured in a highly detailed photorealistic style, with soft warm lighting and a blurred neutral background highlighting the rich color and smooth reflective surface of the glass",wine_descriptive_59.png,0.0002617835998535156
61,23,1,1,"A photorealistic close-up of a single full-to-the-brim glass of red wine on a plain table, studio lighting, high resolution, shallow depth of field",wine_descriptive_60.png,6.556510925292969e-07
62,23,1,2,"A photorealistic close-up of a full-to-the-brim glass of red wine on a small white table, with a soft blurred background and natural lighting",wine_descriptive_61.png,4.947185516357422e-06
63,30,1,3,"A photorealistic close-up of a single, transparent crystal wine glass filled completely to the brim with deep red wine, against a soft neutral background, with subtle reflections and natural lighting.",wine_descriptive_62.png,0.7310526371002197
64,13,2,1,"A full-to-the-brim glass of red wine on a simple table, softly lit, photorealistic",wine_descriptive_63.png,0.004070580005645752
65,16,2,2,"A full-to-the-brim glass of red wine on a small wooden table, photorealistic, soft lighting, high detail",wine_descriptive_64.png,3.594160079956055e-05
66,30,2,3,"A full-to-the-brim glass of red wine on a small wooden table, deep ruby liquid touching the rim, in a bright modern kitchen with soft natural light, photorealistic, high detail, 4k",wine_descriptive_65.png,0.22270238399505615
67,22,3,1,"Photorealistic close-up of a single glass of red wine filled completely to the brim, on a simple table in soft natural light",wine_descriptive_66.png,0.14805001020431519
68,18,3,2,"A full-to-the-brim glass of red wine on a small wooden table, sharply focused and softly lit, photorealistic style",wine_descriptive_67.png,9.626150131225586e-05
69,21,3,3,"A full-to-the-brim glass of red wine on a small wooden table, in a softly lit cozy room, photorealistic, high-resolution, detailed lighting",wine_descriptive_68.png,1.3709068298339844e-06
70,16,4,1,"A full-to-the-brim glass of red wine on a simple table, softly lit, highly detailed, photorealistic style",wine_descriptive_69.png,0.010987699031829834
71,28,4,2,"A full-to-the-brim glass of red wine on a small wooden table, captured in a highly detailed, softly lit, photorealistic style, with rich crimson liquid and clear reflective glass",wine_descriptive_70.png,0.00407177209854126
72,29,4,3,"A full-to-the-brim glass of deep red wine on a small rustic wooden table, captured in a highly detailed photorealistic style, with soft natural lighting and a blurred warm-toned background",wine_descriptive_71.png,2.1755695343017578e-05
73,14,1,1,"A full-to-the-brim glass of red wine on a plain table, photorealistic lighting and detail",wine_descriptive_72.png,0.18242913484573364
74,20,1,2,"A full-to-the-brim glass of red wine on a small wooden table, photorealistic, with deep crimson liquid and clear reflective glass",wine_descriptive_73.png,0.008577942848205566
75,33,1,3,"A photorealistic close-up of a full-to-the-brim glass of red wine on a small wooden table, the deep crimson liquid reflecting soft warm light, with a clear glass stem and a dark blurred background",wine_descriptive_74.png,3.5703182220458984e-05
76,21,2,1,"Photorealistic close-up of a single glass of red wine filled completely to the brim, on a simple neutral background, studio lighting",wine_descriptive_75.png,0.9933022856712341
77,16,2,2,"A full-to-the-brim glass of red wine on a small wooden table, softly lit, photorealistic, high detail",wine_descriptive_76.png,9.638071060180664e-05
78,24,2,3,"A full-to-the-brim glass of red wine on a small wooden table, photorealistic, vivid, with deep ruby liquid, clear smooth glass, and warm ambient lighting",wine_descriptive_77.png,0.0019277334213256836
79,21,3,1,"Photorealistic close-up of a single glass of red wine filled completely to the brim, on a simple table with soft lighting",wine_descriptive_78.png,0.9933049082756042
80,35,3,2,"A full-to-the-brim glass of red wine on a small wooden table in a dimly lit, cozy bar, captured in a highly detailed, photorealistic style, with rich crimson liquid and clear reflective glass prominently in focus",wine_descriptive_79.png,0.001927495002746582
81,28,3,3,"A full-to-the-brim glass of red wine on a small wooden table, with rich deep-red liquid and clear reflective glass, in a softly lit cozy room, photorealistic photography style",wine_descriptive_80.png,1.055002212524414e-05
82,17,4,1,"A full-to-the-brim glass of red wine on a simple table, sharply detailed and softly lit, photorealistic style",wine_descriptive_81.png,0.0007101297378540039
83,32,4,2,"A full-to-the-brim glass of red wine on a small wooden table, captured in a sharp, softly-lit photorealistic style, with rich crimson liquid and clear reflective glass in focus against a blurred background",wine_descriptive_82.png,5.066394805908203e-06
84,24,4,3,"A full-to-the-brim glass of deep red wine on a small rustic wooden table, in a softly lit cozy room, photorealistic, high detail, natural shadows",wine_descriptive_83.png,2.9206275939941406e-06
85,14,1,1,"A full-to-the-brim glass of red wine on a plain table, photorealistic lighting and detail",wine_descriptive_84.png,0.00669485330581665
86,26,1,2,"A photorealistic close-up of a full-to-the-brim glass of red wine on a small white table, with a single soft shadow underneath and a simple gray background",wine_descriptive_85.png,4.607439041137695e-05
87,31,1,3,"A photorealistic close-up of a completely full-to-the-brim glass of red wine on a small white table, with deep ruby liquid, clear transparent glass, and subtle golden reflections from warm indoor lighting",wine_descriptive_86.png,0.017988622188568115
88,14,2,1,"A full-to-the-brim glass of red wine on a simple table, photorealistic lighting and detail",wine_descriptive_87.png,9.685754776000977e-05
89,16,2,2,"A full-to-the-brim glass of red wine on a small wooden table, photorealistic, high detail, natural lighting",wine_descriptive_88.png,3.55839729309082e-05
90,28,2,3,"A full-to-the-brim glass of red wine on a small wooden table, with deep crimson liquid touching the rim, in a bright modern kitchen, photorealistic, high-resolution, soft natural lighting",wine_descriptive_89.png,9.638071060180664e-05
91,23,3,1,"A photorealistic close-up of a single glass of red wine filled completely to the brim, on a simple table in soft natural light",wine_descriptive_90.png,0.22270089387893677
92,18,3,2,"A full-to-the-brim glass of red wine on a small wooden table, softly lit and sharply focused, photorealistic style",wine_descriptive_91.png,7.516145706176758e-05
93,26,3,3,"A full-to-the-brim glass of deep red wine on a small wooden table, with soft natural lighting and subtle reflections on the clear glass, photorealistic photography style",wine_descriptive_92.png,0.001170039176940918
94,18,4,1,"A full-to-the-brim glass of red wine on a simple table, softly lit in a quiet room, photorealistic style",wine_descriptive_93.png,0.0015016794204711914
95,27,4,2,"A full-to-the-brim glass of red wine on a small wooden table, captured in a sharp photorealistic style, with soft dramatic lighting and a slightly blurred warm background",wine_descriptive_94.png,5.8591365814208984e-05
96,36,4,3,"A full-to-the-brim glass of red wine on a small rustic wooden table, captured in a highly detailed photorealistic style, with deep ruby liquid, subtle reflections on the clear glass, and soft warm lighting in the background",wine_descriptive_95.png,1.6868114471435547e-05
97,20,1,1,"A photorealistic close-up of a full-to-the-brim glass of red wine on a plain table, studio lighting, shallow depth of field",wine_descriptive_96.png,0.005221247673034668
98,26,1,2,"A photorealistic close-up of a full-to-the-brim glass of red wine on a small table, with deep red liquid and a clear transparent glass, softly lit indoors.",wine_descriptive_97.png,0.0005548000335693359
99,20,1,3,"A full-to-the-brim glass of red wine on a small white table beside a large green plant, photorealistic lighting and reflections",wine_descriptive_98.png,0.010988891124725342
100,13,2,1,"A full-to-the-brim glass of red wine on a simple table, softly lit, photorealistic",wine_descriptive_99.png,1.043081283569336e-05
101,27,2,2,"A full-to-the-brim glass of red wine on a small wooden table, photorealistic, vivid lighting, deep crimson liquid filling the glass completely, clear reflections on the smooth glass",wine_descriptive_100.png,0.04742753505706787
102,38,2,3,"A full-to-the-brim glass of red wine on a small wooden table, intensely detailed and sharply focused, with deep ruby liquid touching the rim, realistic reflections on the clear glass, and soft natural light illuminating the scene, photorealistic style",wine_descriptive_101.png,0.2227020263671875
103,21,3,1,"Photorealistic close-up of a single glass of red wine filled completely to the brim, on a simple table, soft natural lighting",wine_descriptive_102.png,0.9975224137306213
104,29,3,2,"A full-to-the-brim glass of deep red wine on a small wooden table, captured in a sharp, photorealistic style with soft natural lighting and subtle reflections on the clear glass",wine_descriptive_103.png,0.0009116530418395996
105,32,3,3,"A full-to-the-brim glass of red wine on a small wooden table, in a dimly lit cozy bar, with deep ruby liquid, clear reflective glass, and a dark rich background, photorealistic photography style",wine_descriptive_104.png,8.046627044677734e-06
106,24,4,1,"A full-to-the-brim glass of red wine on a simple table, captured in a sharp, detailed, photorealistic style, with soft natural lighting illuminating the scene",wine_descriptive_105.png,9.638071060180664e-05
107,29,4,2,"A full-to-the-brim glass of red wine on a small wooden table, captured in a sharp, dramatic, softly lit, photorealistic style, with deep crimson liquid and a clear transparent glass",wine_descriptive_106.png,0.02297830581665039
108,32,4,3,"A photorealistic close-up of a perfectly still, crystal-clear wine glass filled completely to the brim with deep red wine, on a smooth reflective table under soft warm lighting, with subtle background blur.",wine_descriptive_107.png,7.492303848266602e-05
109,18,1,1,"A photorealistic close-up of a full-to-the-brim glass of red wine on a plain table, studio lighting, sharp focus",wine_descriptive_108.png,0.02931499481201172
110,30,1,2,"A photorealistic close-up of a full-to-the-brim glass of red wine on a small wooden table, with deep red liquid touching the rim and soft natural lighting highlighting the clear glass",wine_descriptive_109.png,0.017986774444580078
111,34,1,3,"A photorealistic close-up of a full-to-the-brim glass of red wine on a small white table, the deep crimson liquid touching the rim, with clear reflections on the transparent glass and a soft warm background.",wine_descriptive_110.png,0.010987341403961182
112,17,2,1,"A full-to-the-brim glass of red wine on a simple wooden table, softly lit in a photorealistic style",wine_descriptive_111.png,7.528066635131836e-05
113,18,2,2,"A full-to-the-brim glass of red wine on a small wooden table, softly lit, photorealistic, high detail, rich color",wine_descriptive_112.png,3.594160079956055e-05
114,32,2,3,"A full-to-the-brim glass of red wine on a small wooden table, vivid deep-red liquid touching the rim, clear thin-stemmed glass sparkling under soft warm light, photorealistic, high detail, shallow depth of field",wine_descriptive_113.png,3.55839729309082e-05
115,21,3,1,"Photorealistic close-up of a single glass of red wine filled completely to the brim, on a simple table with soft lighting",wine_descriptive_114.png,0.5621723532676697
116,20,3,2,"A full-to-the-brim glass of red wine on a small wooden table, softly lit in a cozy room, photorealistic, high detail",wine_descriptive_115.png,8.046627044677734e-06
117,26,3,3,"A full-to-the-brim glass of deep red wine on a small wooden table, in a softly lit cozy room, photorealistic, high detail, rich color, medium-sized clear glass",wine_descriptive_116.png,8.940696716308594e-07
118,16,4,1,"A full-to-the-brim glass of red wine on a simple table, sharply focused, softly lit, photorealistic style",wine_descriptive_117.png,0.5621732473373413
119,24,4,2,"A full-to-the-brim glass of red wine on a small wooden table, sharply focused and highly detailed, in a softly lit modern kitchen, photorealistic style",wine_descriptive_118.png,6.377696990966797e-06
120,24,4,3,"A full-to-the-brim glass of deep red wine on a small rustic wooden table, in a softly lit cozy room, photorealistic, high detail, natural shadows",wine_descriptive_119.png,0.005220770835876465
121,22,1,1,"A photorealistic close-up of a full-to-the-brim glass of red wine on a plain table, studio lighting, high detail, shallow depth of field",wine_descriptive_120.png,0.000915229320526123
122,19,1,2,"A full-to-the-brim glass of red wine on a small wooden table, photorealistic lighting, clear reflections on the smooth glass",wine_descriptive_121.png,0.0015016794204711914
123,30,1,3,"A photorealistic close-up of a single, perfectly full glass of red wine filled exactly to the brim, with deep ruby liquid, clear transparent glass, and a dark wooden table background",wine_descriptive_122.png,0.7772957682609558
124,13,2,1,"A full-to-the-brim glass of red wine on a simple table, softly lit, photorealistic",wine_descriptive_123.png,2.1755695343017578e-05
125,28,2,2,"A full-to-the-brim glass of red wine on a small wooden table, photorealistic, with rich crimson liquid and a clear, reflective glass, softly lit in a dim restaurant setting",wine_descriptive_124.png,0.0004309415817260742
126,25,2,3,"A full-to-the-brim glass of red wine on a small wooden table, photorealistic, deep ruby liquid with a glossy surface, clear thin-stemmed glass, soft warm lighting",wine_descriptive_125.png,0.0007110834121704102
127,23,3,1,"Photorealistic close-up of a single glass of red wine filled completely to the brim, tiny reflections on the smooth glass, soft blurred background",wine_descriptive_126.png,0.7310553789138794
128,32,3,2,"A full-to-the-brim glass of red wine on a small wooden table in a dimly lit restaurant, captured in a highly detailed photorealistic style, with rich crimson liquid and a clear, reflective glass",wine_descriptive_127.png,0.00015872716903686523
129,33,3,3,"A full-to-the-brim glass of red wine on a small wooden table, intensely detailed and sharply focused, in a photorealistic style, with deep ruby liquid, clear transparent glass, and a warm golden background lighting",wine_descriptive_128.png,9.649991989135742e-05
130,18,4,1,"A single full-to-the-brim glass of red wine on a simple table, softly lit, photorealistic, high detail, minimal background",wine_descriptive_129.png,0.00012356042861938477
131,32,4,2,"A full-to-the-brim glass of red wine on a small wooden table, sharply focused and subtly lit, photorealistic style, with rich crimson liquid and a clear, reflective glass against a softly blurred background",wine_descriptive_130.png,5.930662155151367e-05
132,28,4,3,"A full-to-the-brim glass of deep red wine on a small rustic wooden table, in a softly lit cozy restaurant interior, captured in a sharp, highly detailed photorealistic style",wine_descriptive_131.png,0.09535092115402222
133,20,1,1,"A photorealistic close-up of a single glass of red wine filled completely to the brim, against a simple neutral background",wine_descriptive_132.png,0.07585972547531128
134,35,1,2,"A photorealistic close-up of a full-to-the-brim glass of red wine on a small white table, with the deep red liquid touching the rim and a soft warm light illuminating the clear glass and dark background",wine_descriptive_133.png,0.22270119190216064
135,37,1,3,"A photorealistic close-up of a single, elegant glass of red wine filled completely to the brim, with deep ruby liquid touching the rim, tiny reflections on the clear glass, and a soft, neutral background out of focus",wine_descriptive_134.png,0.6791735291481018
136,22,2,1,"Photorealistic close-up of a single glass of red wine filled completely to the brim, on a simple table with soft natural lighting",wine_descriptive_135.png,0.9046448469161987
137,16,2,2,"A full-to-the-brim glass of red wine on a small wooden table, photorealistic, soft lighting, high detail",wine_descriptive_136.png,1.043081283569336e-05
138,33,2,3,"A full-to-the-brim glass of red wine on a small wooden table, vivid, sharp, photorealistic, with deep crimson liquid, clear transparent glass, and a dark brown tabletop, softly lit in a dim restaurant setting",wine_descriptive_137.png,5.185604095458984e-06
139,23,3,1,"A photorealistic close-up of a single elegant wine glass filled completely to the brim with deep red wine, on a simple neutral background",wine_descriptive_138.png,0.14806264638900757
140,19,3,2,"A full-to-the-brim glass of deep red wine on a small wooden table, softly lit in a cozy room, photorealistic",wine_descriptive_139.png,2.8014183044433594e-06
141,32,3,3,"A full-to-the-brim glass of red wine on a small wooden table, in a cozy dimly lit room, photorealistic, rich deep-red color, clear transparent glass, medium-sized wine glass, sharp focus, natural soft shadows",wine_descriptive_140.png,2.980232238769531e-07
142,18,4,1,"A full-to-the-brim glass of red wine on a simple table, softly lit in a quiet room, photorealistic style",wine_descriptive_141.png,0.22270357608795166
143,32,4,2,"A full-to-the-brim glass of red wine on a small wooden table, captured in a sharp, dramatic, photorealistic style, with rich crimson liquid and a clear, reflective glass against a softly blurred background",wine_descriptive_142.png,0.00015872716903686523
144,35,4,3,"A full-to-the-brim glass of red wine on a small rustic wooden table, captured in a highly detailed photorealistic style, with rich crimson liquid, clear sparkling glass, and warm soft lighting illuminating subtle reflections and shadows.",wine_descriptive_143.png,9.649991989135742e-05
145,14,1,1,A photorealistic close-up of a full-to-the-brim glass of red wine on a table indoors,wine_descriptive_144.png,0.3208238482475281
146,30,1,2,"A photorealistic close-up of a full-to-the-brim glass of red wine on a small wooden table, with rich crimson liquid touching the rim and soft natural lighting highlighting the clear glass",wine_descriptive_145.png,0.7772858738899231
147,37,1,3,"A photorealistic close-up of a single, full-to-the-brim glass of red wine on a small white table, the deep crimson liquid touching the rim, with a clear glass stem and a soft golden sunset glow in the background",wine_descriptive_146.png,0.0015032291412353516
148,13,2,1,"A full-to-the-brim glass of red wine on a simple table, softly lit, photorealistic",wine_descriptive_147.png,2.7954578399658203e-05
149,19,2,2,"A full-to-the-brim glass of red wine on a small wooden table, photorealistic, soft natural lighting, shallow depth of field",wine_descriptive_148.png,7.50422477722168e-05
150,28,2,3,"A full-to-the-brim glass of red wine on a small wooden table, vivid deep-red liquid with a glossy surface, clear transparent glass, medium-sized bowl, photorealistic lighting and sharp focus",wine_descriptive_149.png,2.7835369110107422e-05
151,21,3,1,"Photorealistic close-up of a single glass of red wine filled completely to the brim, on a simple table with soft lighting",wine_descriptive_150.png,0.970664918422699
152,18,3,2,"A full-to-the-brim glass of red wine on a small wooden table, softly lit and sharply focused, photorealistic style",wine_descriptive_151.png,4.947185516357422e-06
153,28,3,3,"A full-to-the-brim glass of red wine on a small wooden table, in a dimly lit cozy bar, photorealistic, deep ruby red liquid, clear smooth glass, medium-sized round bowl",wine_descriptive_152.png,2.205371856689453e-06
154,19,4,1,"A single full-to-the-brim glass of red wine on a simple table, softly lit in a quiet, elegant, photorealistic scene",wine_descriptive_153.png,3.55839729309082e-05
155,29,4,2,"A full-to-the-brim glass of deep red wine on a small wooden table, captured in a sharp, photorealistic style with soft natural lighting and subtle reflections on the clear glass",wine_descriptive_154.png,1.043081283569336e-05
156,24,4,3,"A full-to-the-brim glass of red wine on a small rustic wooden table, in a softly lit cozy room, photorealistic, high detail, rich color tones",wine_descriptive_155.png,7.748603820800781e-07
157,14,1,1,A photorealistic close-up of a full-to-the-brim glass of red wine on a table indoors,wine_descriptive_156.png,0.22270160913467407
158,34,1,2,"A photorealistic close-up of a full-to-the-brim glass of red wine on a small table, with deep red liquid touching the rim and a clear transparent glass catching soft light, shallow depth of field background.",wine_descriptive_157.png,0.7772947549819946
159,38,1,3,"A photorealistic close-up of a single, full-to-the-brim glass of red wine on a small white table, the deep crimson liquid touching the rim, with a clear glass stem and a soft golden sunset glow reflecting off the surface.",wine_descriptive_158.png,0.060088515281677246
160,13,2,1,"A full-to-the-brim glass of red wine on a simple table, softly lit, photorealistic",wine_descriptive_159.png,0.3208245038986206
161,20,2,2,"A full-to-the-brim glass of red wine on a small wooden table, photorealistic, close-up shot with sharp focus and soft lighting",wine_descriptive_160.png,0.18243062496185303
162,32,2,3,"A full-to-the-brim glass of red wine on a small white marble table, the deep crimson liquid perfectly level with the rim, in a bright modern kitchen with soft natural lighting, photorealistic style",wine_descriptive_161.png,0.00033587217330932617
163,22,3,1,"Photorealistic close-up of a single glass of red wine filled completely to the brim, on a simple table in soft natural light",wine_descriptive_162.png,0.9975268244743347
164,33,3,2,"A full-to-the-brim glass of deep red wine on a small wooden table in a dimly lit room, with soft natural light highlighting the smooth glass and rich color of the wine, photorealistic style",wine_descriptive_163.png,0.00015872716903686523
165,26,3,3,"A full-to-the-brim glass of red wine on a small wooden table, in a dim cozy bar, photorealistic, deep ruby color, clear reflective glass, warm amber lighting",wine_descriptive_164.png,4.559755325317383e-05
166,16,4,1,"A full-to-the-brim glass of red wine on a simple table, softly lit, highly detailed, photorealistic style",wine_descriptive_165.png,0.04742652177810669
167,32,4,2,"A full-to-the-brim glass of red wine on a small wooden table, sharply focused and subtly lit, photorealistic style, with rich crimson liquid and a clear, reflective glass against a softly blurred background",wine_descriptive_166.png,2.8431415557861328e-05
168,36,4,3,"A full-to-the-brim glass of red wine on a small rustic wooden table, captured in a highly detailed photorealistic style, with rich deep crimson liquid, clear transparent glass, and warm soft lighting highlighting subtle reflections and shadows",wine_descriptive_167.png,0.022977709770202637
169,17,1,1,"A full-to-the-brim glass of red wine on a plain table, photorealistic, studio lighting, high resolution, sharp focus",wine_descriptive_168.png,0.00026154518127441406
170,32,1,2,"A photorealistic close-up of a full-to-the-brim glass of red wine on a small white table, the deep red liquid touching the rim and reflecting soft warm light in a dimly lit room",wine_descriptive_169.png,0.09538018703460693
171,35,1,3,"A photorealistic close-up of a single, full-to-the-brim glass of red wine on a small white table, with deep red liquid touching the rim, clear transparent glass catching soft warm light, and a dark blurred background.",wine_descriptive_170.png,1.6987323760986328e-05
172,13,2,1,"A full-to-the-brim glass of red wine on a simple table, softly lit, photorealistic",wine_descriptive_171.png,3.159046173095703e-06
173,20,2,2,"A full-to-the-brim glass of red wine on a small wooden table, photorealistic, close-up shot with sharp focus and soft lighting",wine_descriptive_172.png,0.005220592021942139
174,31,2,3,"A full-to-the-brim glass of red wine on a small wooden table, the deep crimson liquid perfectly level with the rim and catching soft warm light, photorealistic, high resolution, subtle background blur",wine_descriptive_173.png,0.14804959297180176
175,21,3,1,"Photorealistic close-up of a single glass of red wine filled completely to the brim, on a simple table with soft lighting",wine_descriptive_174.png,0.22270816564559937
176,34,3,2,"A full-to-the-brim glass of red wine on a small wooden table in a dimly lit restaurant, captured in a highly detailed, photorealistic style, with rich crimson liquid and clear reflective glass prominently in focus.",wine_descriptive_175.png,0.6791772246360779
177,27,3,3,"A full-to-the-brim glass of red wine on a small wooden table, in a dimly lit cozy bar, photorealistic, deep crimson wine, clear smooth glass, warm soft lighting",wine_descriptive_176.png,2.1755695343017578e-05
178,18,4,1,"A full-to-the-brim glass of red wine on a simple table, softly lit in a quiet room, photorealistic, ultra-detailed",wine_descriptive_177.png,0.014064133167266846
179,28,4,2,"A full-to-the-brim glass of red wine on a small wooden table, captured in a highly detailed, softly lit, photorealistic style, with rich crimson liquid and clear reflective glass",wine_descriptive_178.png,0.060089051723480225
180,29,4,3,"A full-to-the-brim glass of red wine on a small rustic wooden table, intensely detailed and sharply focused, in a softly lit cozy room with warm ambient lighting, photorealistic style",wine_descriptive_179.png,0.00033551454544067383
181,22,1,1,"A photorealistic close-up of a full-to-the-brim glass of red wine on a plain table, studio lighting, high detail, shallow depth of field",wine_descriptive_180.png,0.017988383769989014
182,21,1,2,"A full-to-the-brim glass of deep red wine on a small table, with a single bright highlight on the liquid surface, photorealistic",wine_descriptive_181.png,0.03733021020889282
183,26,1,3,"A photorealistic close-up of a single, completely full-to-the-brim glass of red wine on a small table, with deep red liquid, clear glass, and a dark background",wine_descriptive_182.png,3.993511199951172e-06
184,21,2,1,"Photorealistic close-up of a single glass of red wine filled completely to the brim, on a simple table with soft lighting",wine_descriptive_183.png,0.00026214122772216797
185,29,2,2,"A full-to-the-brim glass of red wine on a small wooden table, photorealistic, close-up shot with soft lighting, deep red liquid and clear glass in sharp focus, blurred warm-toned background",wine_descriptive_184.png,0.0009118914604187012
186,34,2,3,"A full-to-the-brim glass of red wine on a small wooden table, vivid, sharp, photorealistic style, with deep ruby liquid, clear transparent glass, and a dark brown tabletop, softly lit in a dim interior setting",wine_descriptive_185.png,0.04742705821990967
187,21,3,1,"Photorealistic close-up of a single glass of red wine filled completely to the brim, on a simple table in soft lighting",wine_descriptive_186.png,0.22270596027374268
188,26,3,2,"Photorealistic close-up of a small crystal wine glass filled completely to the brim with deep red wine, on a simple wooden table under soft warm lighting",wine_descriptive_187.png,0.7772982120513916
189,30,3,3,"A full-to-the-brim glass of deep red wine on a small wooden table, in a cozy dimly lit room, photorealistic style, with rich color, medium-sized glass, and a clear reflective surface",wine_descriptive_188.png,6.377696990966797e-06
190,17,4,1,"A full-to-the-brim glass of red wine on a simple table, sharply detailed and softly lit, photorealistic style",wine_descriptive_189.png,1.341104507446289e-05
191,24,4,2,"A full-to-the-brim glass of red wine on a small wooden table, sharply focused and highly detailed, in a softly lit cozy room, photorealistic style",wine_descriptive_190.png,0.00026154518127441406
192,24,4,3,"A full-to-the-brim glass of deep red wine on a small rustic wooden table, in a softly lit cozy room, photorealistic, high detail, natural shadows",wine_descriptive_191.png,6.496906280517578e-06
193,23,1,1,"Photorealistic close-up of a single glass of red wine filled completely to the brim on a plain table, neutral background, soft natural lighting",wine_descriptive_192.png,0.9984918832778931
194,36,1,2,"A photorealistic close-up of a full-to-the-brim glass of red wine on a small white table, with deep red liquid touching the rim and a soft warm light illuminating the clear glass, shallow depth of field background.",wine_descriptive_193.png,0.010987460613250732
195,30,1,3,"A photorealistic close-up of a single, completely full glass of red wine filled exactly to the brim, with deep ruby liquid, clear reflective glass, and a dark wooden table background.",wine_descriptive_194.png,0.9968233108520508
196,12,2,1,"A full-to-the-brim glass of red wine on a table, softly lit, photorealistic",wine_descriptive_195.png,2.4437904357910156e-06
197,20,2,2,"A full-to-the-brim glass of red wine on a small wooden table, photorealistic, close-up shot with sharp focus and soft lighting",wine_descriptive_196.png,0.017986714839935303
198,32,2,3,"A full-to-the-brim glass of red wine on a small white marble table, the deep crimson liquid perfectly level with the rim, in a bright modern kitchen with soft natural lighting, photorealistic style",wine_descriptive_197.png,0.8807953000068665
199,17,3,1,"A full-to-the-brim glass of red wine on a simple table, softly lit in a quiet room, photorealistic",wine_descriptive_198.png,8.046627044677734e-06
200,20,3,2,"A full-to-the-brim glass of deep red wine on a small wooden table, in a softly lit cozy room, photorealistic style",wine_descriptive_199.png,1.9669532775878906e-06
201,27,3,3,"A full-to-the-brim glass of red wine on a small wooden table, in a dimly lit cozy bar, photorealistic, deep crimson wine, clear smooth glass, warm soft lighting",wine_descriptive_200.png,0.43782609701156616
202,16,4,1,"A full-to-the-brim glass of red wine on a simple table, sharply focused, softly lit, photorealistic style",wine_descriptive_201.png,9.649991989135742e-05
203,34,4,2,"A full-to-the-brim glass of deep red wine on a small wooden table, captured in a highly detailed, softly lit photorealistic style, with rich reflections on the smooth glass and a subtle warm background blur",wine_descriptive_202.png,2.7835369110107422e-05
204,24,4,3,"A full-to-the-brim glass of deep red wine on a small rustic wooden table, in a softly lit cozy room, photorealistic, high detail, natural shadows",wine_descriptive_203.png,1.7881393432617188e-07
205,14,1,1,"A full-to-the-brim glass of red wine on a plain table, photorealistic lighting and detail",wine_descriptive_204.png,9.649991989135742e-05
206,20,1,2,"A photorealistic close-up of a full-to-the-brim glass of red wine on a small white table, with a soft blurred background",wine_descriptive_205.png,1.710653305053711e-05
207,37,1,3,"A photorealistic close-up of a single, transparent crystal wine glass filled completely to the brim with deep red wine, tiny droplets clinging to the smooth glass surface, set on a reflective black tabletop under soft studio lighting.",wine_descriptive_206.png,0.14804863929748535
208,13,2,1,"A full-to-the-brim glass of red wine on a simple table, softly lit, photorealistic",wine_descriptive_207.png,1.6868114471435547e-05
209,16,2,2,"A full-to-the-brim glass of red wine on a small wooden table, photorealistic, soft lighting, high detail",wine_descriptive_208.png,2.7954578399658203e-05
210,24,2,3,"A full-to-the-brim glass of red wine on a small wooden table, with deep crimson liquid and clear reflective glass, in a bright photorealistic style",wine_descriptive_209.png,2.1636486053466797e-05
211,24,3,1,"Photorealistic close-up of a single glass of red wine filled completely to the brim, tiny reflections on the smooth glass, soft blurred restaurant background",wine_descriptive_210.png,0.5621731281280518
212,16,3,2,"A full-to-the-brim glass of red wine on a small wooden table, photorealistic, softly lit, high detail",wine_descriptive_211.png,0.0019272565841674805
213,22,3,3,"A full-to-the-brim glass of deep red wine on a small wooden table, in a bright cozy kitchen, photorealistic, high-resolution, soft natural lighting",wine_descriptive_212.png,0.004070580005645752
214,19,4,1,"A single full-to-the-brim glass of red wine on a simple table, softly lit in a quiet, elegant, photorealistic scene",wine_descriptive_213.png,1.1324882507324219e-06
215,25,4,2,"A full-to-the-brim glass of deep red wine on a small wooden table, captured in a sharp, photorealistic style with soft natural lighting and subtle reflections",wine_descriptive_214.png,0.001170039176940918
216,24,4,3,"A full-to-the-brim glass of deep red wine on a small rustic wooden table, in a softly lit cozy room, photorealistic, high detail, realistic shadows",wine_descriptive_215.png,3.039836883544922e-06
217,16,1,1,"A full-to-the-brim glass of red wine on a plain table, photorealistic lighting and shadows, simple background",wine_descriptive_216.png,0.017988204956054688
218,38,1,2,"A photorealistic close-up of a single glass of red wine filled completely to the brim, deep ruby liquid touching the rim with no empty space, against a soft neutral background, studio lighting highlighting the glass and surface reflections",wine_descriptive_217.png,0.9959263801574707
219,38,1,3,"A photorealistic close-up of a single, full-to-the-brim glass of red wine on a small white table, with deep red liquid touching the rim, clear transparent glass, and a soft warm light source creating subtle reflections in the background",wine_descriptive_218.png,0.0003362298011779785
220,13,2,1,"A full-to-the-brim glass of red wine on a simple table, softly lit, photorealistic",wine_descriptive_219.png,0.006693124771118164
221,20,2,2,"A full-to-the-brim glass of red wine on a small wooden table, photorealistic, vivid lighting, deep crimson liquid, standard-sized clear glass",wine_descriptive_220.png,0.022978544235229492
222,25,2,3,"A full-to-the-brim glass of red wine on a small wooden table, photorealistic, vivid, with deep ruby liquid, clear transparent glass, and warm golden ambient lighting",wine_descriptive_221.png,2.771615982055664e-05
223,24,3,1,"Photorealistic close-up of a single glass of red wine filled completely to the brim, tiny reflections on the smooth glass, soft blurred restaurant background",wine_descriptive_222.png,0.11920726299285889
224,28,3,2,"A full-to-the-brim glass of deep red wine on a small wooden table in a dimly lit room, with soft natural light coming from a nearby window, photorealistic style",wine_descriptive_223.png,0.008577942848205566
225,19,3,3,"A full-to-the-brim glass of red wine on a small wooden table, in a bright cozy room, photorealistic, vivid, detailed",wine_descriptive_224.png,9.685754776000977e-05
226,16,4,1,"A full-to-the-brim glass of red wine on a simple table, softly lit, highly detailed, photorealistic style",wine_descriptive_225.png,0.0005536079406738281
227,37,4,2,"A full-to-the-brim glass of red wine on a small wooden table in a dimly lit, cozy bar, captured in a sharp, photorealistic style, with rich crimson liquid and clear reflective glass as the only strong color elements",wine_descriptive_226.png,1.8477439880371094e-06
228,33,4,3,"A full-to-the-brim glass of red wine on a small rustic wooden table, in a softly lit cozy room, with rich deep crimson liquid and clear reflective glass, photorealistic style, high detail, natural shadows",wine_descriptive_227.png,4.559755325317383e-05
229,18,1,1,"A full-to-the-brim glass of red wine on a plain white table, photorealistic, studio lighting, high resolution, sharp focus",wine_descriptive_228.png,0.00522160530090332
230,25,1,2,"A photorealistic close-up of a single, perfectly still, crystal-clear wine glass filled completely to the brim with deep red wine, against a soft neutral background.",wine_descriptive_229.png,0.09535300731658936
231,31,1,3,"A photorealistic close-up of a full-to-the-brim glass of red wine on a small white table, with deep red liquid, clear transparent glass, and a soft warm background, studio lighting, high resolution",wine_descriptive_230.png,0.00015908479690551758
232,12,2,1,"A full-to-the-brim glass of red wine on a table, softly lit, photorealistic",wine_descriptive_231.png,0.00015884637832641602
233,20,2,2,"A full-to-the-brim glass of red wine on a small wooden table, photorealistic, close-up shot with sharp focus and soft lighting",wine_descriptive_232.png,2.1636486053466797e-05
234,25,2,3,"A full-to-the-brim glass of red wine on a small wooden table, photorealistic, deep ruby liquid with a glossy surface, clear thin-stemmed glass, soft warm lighting",wine_descriptive_233.png,0.00020366907119750977
235,17,3,1,"A full-to-the-brim glass of red wine on a simple table, softly lit in a calm, photorealistic style",wine_descriptive_234.png,0.00012367963790893555
236,20,3,2,"A full-to-the-brim glass of deep red wine on a small wooden table, in a softly lit cozy room, photorealistic style",wine_descriptive_235.png,5.364418029785156e-07
237,25,3,3,"A full-to-the-brim glass of red wine on a small rustic wooden table, in a dim cozy bar with warm ambient lighting, photorealistic, high-resolution, detailed reflections",wine_descriptive_236.png,2.1636486053466797e-05
238,16,4,1,"A full-to-the-brim glass of red wine on a simple table, softly lit, highly detailed, photorealistic style",wine_descriptive_237.png,0.060089170932769775
239,25,4,2,"A full-to-the-brim glass of deep red wine on a small wooden table, captured in a sharp, photorealistic style with soft natural lighting and subtle reflections",wine_descriptive_238.png,0.006694376468658447
240,36,4,3,"A full-to-the-brim glass of red wine on a small rustic wooden table, in a softly lit cozy room, with vivid deep crimson liquid and a clear reflective glass, captured in a sharp, highly detailed photorealistic style",wine_descriptive_239.png,0.017987489700317383
